Rank,Algorithm,Display Name,Min Fitness,Mean Fitness,Median Fitness,Std Dev,Best Run
1,INFO,Weighted Mean of Vectors (INFO),0.0006874817,0.0008541664,0.0007694101,0.0001969682,4
2,GTO,Gorilla Troops Optimizer (GTO),0.0007090383,0.0008987386,0.0008255489,0.000207107,1
3,MSFOA,Modified Starfish Optimization Algorithm (MSFOA),0.000747,0.0008575872,0.0008034138,0.0001285224,1
4,EOOA,Enhanced Osprey Optimization Algorithm (EOOA),0.0007559738,0.0008498941,0.0007787366,0.0001367661,1
5,WSO,White Shark Optimizer (WSO),0.0007612201,0.0009346003,0.0009159759,0.0001546858,3
6,MPA,Marine Predators Algorithm (MPA),0.0007627825,0.0009613316,0.0009000402,0.000213605,4
7,HBA,Honey Badger Algorithm (HBA),0.0007996361,0.0014273831,0.0011228298,0.0007380621,3
8,PSO,Particle Swarm Optimization (PSO),0.0008008507,0.00128219,0.0011893295,0.0004306807,4
9,SWO,Spider Wasp Optimizer (SWO),0.0008108225,0.0011511561,0.0011549065,0.0003213193,3
10,ARO,Artificial Rabbits Optimization (ARO),0.0008158893,0.0015758613,0.001636987,0.0005003978,4
11,RUN,Runge Kutta Optimization (RUN),0.0009758302,0.0018096822,0.0015814044,0.0007853348,2
12,SO,Snake Optimizer (SO),0.001063718,0.0013625637,0.0013656463,0.000223713,4
13,JSA,Jellyfish Search Algorithm (JSA),0.0011777148,0.0014342547,0.0013779432,0.0002516905,3
14,APO,Artificial Protozoa Optimizer (APO),0.0011969704,0.0016270425,0.0016043028,0.0003225153,4
15,BTO,Barrel Tumbleweed Optimizer (BTO),0.001258611,0.0015374888,0.0016151428,0.0001625868,4
16,SMA,Slime Mould Algorithm (SMA),0.00137942,0.0026727204,0.0016652659,0.00191759,1
17,PO,Puma Optimizer (PO),0.0013794659,0.0018214351,0.0017740643,0.0003748648,1
18,DOA,Dream Optimization Algorithm (DOA),0.0015535843,0.0083248857,0.0054764119,0.0074289908,4
19,AO,Artemisinin Optimizer (AO),0.0017748713,0.004954341,0.0036228119,0.003619267,1
20,DO,Dandelion Optimizer (DO),0.0018701546,0.0026144282,0.0026058422,0.00061895,1
21,FPA,Flower Pollination Algorithm (FPA),0.0020716303,0.0023967313,0.0024644972,0.0001979382,3
22,IVY,Ivy Algorithm (IVYA),0.0020929385,0.0031727707,0.0029355996,0.0010722808,1
23,PARROT,Parrot Optimizer (PO),0.0022280863,0.0069633488,0.0072862338,0.0031855694,2
24,ESC,Escape Optimization Algorithm (ESC),0.0023267605,0.0024908811,0.0024556043,0.0001458132,2
25,HHO,Harris Hawks Optimization (HHO),0.0030666867,0.0128832129,0.0118686755,0.0087844415,1
26,HO,Hippopotamus Optimization (HO),0.003099036,0.0064337043,0.0067418539,0.0024257983,2
27,GWO,Grey Wolf Optimizer (GWO),0.0037618436,0.0054266005,0.0049767459,0.0015701265,1
28,ZOA,Zebra Optimization Algorithm (ZOA),0.0040049741,0.0052019313,0.0051797907,0.0009044948,4
29,WOA,Whale Optimization Algorithm (WOA),0.0054495779,0.0114167249,0.0099766606,0.0054461188,3
30,KMA,Komodo Mlipir Algorithm (KMA),0.0065430103,0.0146740272,0.0109880899,0.0092024707,4
31,SCA,Sine Cosine Algorithm (SCA),0.0088556941,0.0361808063,0.0335776497,0.0247181648,3
32,KOA,Kepler Optimization Algorithm (KOA),0.0137014093,0.0304871668,0.0308925102,0.0154499726,3
33,CPO,Crested Porcupine Optimizer (CPO),0.0255706328,0.0566853075,0.0519188554,0.0276109554,4
34,RSA,Reptile Search Algorithm (RSA),0.0428110464,0.0911854329,0.0877022528,0.0369934992,3
35,OOA,Osprey Optimization Algorithm (OOA),0.0974515476,0.1227468911,0.1288844907,0.0148736717,2
